{"goods_pic": "https://img14.360buyimg.com/n7/jfs/t1/99209/36/9406/129344/5e0f0d52Ec6fb8f53/cd00f9c730dec1c4.jpg", "goods_price": "888", "goods_name": "华为（HUAWEI）华为智能手表运动蓝牙通话手表防水长续航播放音乐健康检测男士商务手表尊享版-钛银灰【稀缺】旅游青少年不支持接听电话", "goods_evaluation": "2000"}
{"goods_pic": "https://img14.360buyimg.com/n7/jfs/t1/85516/2/11532/123172/5e359b6dE9d3992d4/e60a2555606a5eea.jpg", "goods_price": "599", "goods_name": "华为（HUAWEI）华为智能手表运动蓝牙通话手表防水长续航播放音乐健康检测男士商务手表尊享版-钛银灰【稀缺】跑步青少年不支持接听电话", "goods_evaluation": "2000"}
{"goods_pic": "http://articleimg.xbiao.com/2020/0709/202007091594283315947.jpg", "goods_price": "1", "goods_name": "奢侈名表男10岁以下", "goods_evaluation": "2000"}
{"goods_pic": "http://articleimg.xbiao.com/2020/0710/735_480_202007101594349657329.jpg", "goods_price": "1", "goods_name": "奢侈名表女30岁以上", "goods_evaluation": "2000"}
{"goods_pic": "http://articleimg.xbiao.com/2020/0709/735_480_202007091594290915498.jpg", "goods_price": "1", "goods_name": "奢侈名表男30岁以上", "goods_evaluation": "2000"}
{"goods_pic": "http://productimg.xbiao.com/88/240_360/7337015717325978.gif", "goods_price": "1", "goods_name": "奢侈名表女10岁以下", "goods_evaluation": "2000"}
{"goods_pic": "http://articleimg.xbiao.com/2020/0709/735_480_202007091594285385624.jpg", "goods_price": "1", "goods_name": "奢侈名表男10-30岁之间", "goods_evaluation": "2000"}
{"goods_pic": "http://articleimg.xbiao.com/2020/0709/202007091594283315951.jpg", "goods_price": "1", "goods_name": "奢侈名表女10-30岁之间", "goods_evaluation": "2000"}
{"goods_pic": "http://images-changgou-java.itheima.net/group1/M00/00/00/rBABRV7MknOAHWsYAAJSU0JCfZQ388.png", "goods_price": "8050", "goods_name": "华为MateBook蓝色I7", "goods_evaluation": "2000"}
{"goods_pic": "http://images-changgou-java.itheima.net/group1/M00/00/00/rBABRV7Ml9OAGP8KAAI8All5Ax4312.png", "goods_price": "12222", "goods_name": "华为Book红色I7", "goods_evaluation": "2000"}
{"goods_pic": "https://img14.360buyimg.com/n7/jfs/t1/99209/36/9406/129344/5e0f0d52Ec6fb8f53/cd00f9c730dec1c4.jpg", "goods_price": "1588", "goods_name": "华为（HUAWEI）华为智能手表运动蓝牙通话手表防水长续航播放音乐健康检测男士商务手表尊享版-钛银灰【稀缺】潜水中年不支持接听电话", "goods_evaluation": "2000"}
{"goods_pic": "https://img14.360buyimg.com/n7/jfs/t1/99209/36/9406/129344/5e0f0d52Ec6fb8f53/cd00f9c730dec1c4.jpg", "goods_price": "699", "goods_name": "华为（HUAWEI）华为智能手表运动蓝牙通话手表防水长续航播放音乐健康检测男士商务手表尊享版-钛银灰【稀缺】攀爬少儿支持接听电话", "goods_evaluation": "2000"}
{"goods_pic": "https://img12.360buyimg.com/n7/jfs/t1/104208/9/10995/158555/5e241949E2f1aabb8/0c368214916b3920.jpg", "goods_price": "1288", "goods_name": "华为（HUAWEI）华为智能手表运动蓝牙通话手表防水长续航播放音乐健康检测男士商务手表尊享版-钛银灰【稀缺】旅游青少年支持接听电话", "goods_evaluation": "2000"}
{"goods_pic": "https://img12.360buyimg.com/n7/jfs/t1/104208/9/10995/158555/5e241949E2f1aabb8/0c368214916b3920.jpg", "goods_price": "1199", "goods_name": "华为（HUAWEI）华为智能手表运动蓝牙通话手表防水长续航播放音乐健康检测男士商务手表尊享版-钛银灰【稀缺】攀爬中年不支持接听电话", "goods_evaluation": "2000"}
{"goods_pic": "https://img13.360buyimg.com/n7/jfs/t1/63971/5/11353/46779/5d8c5a52E7262d618/c2f5e3a138443d2d.jpg", "goods_price": "1688", "goods_name": "华为（HUAWEI）华为智能手表运动蓝牙通话手表防水长续航播放音乐健康检测男士商务手表尊享版-钛银灰【稀缺】潜水中年支持接听电话", "goods_evaluation": "2000"}
{"goods_pic": "https://img11.360buyimg.com/n7/jfs/t1/90943/29/12015/109097/5e411342Ea63eaa69/4dfd7df39e2fb6f0.jpg", "goods_price": "1099", "goods_name": "华为（HUAWEI）华为智能手表运动蓝牙通话手表防水长续航播放音乐健康检测男士商务手表尊享版-钛银灰【稀缺】攀爬老年支持接听电话", "goods_evaluation": "2000"}
{"goods_pic": "https://img12.360buyimg.com/n7/jfs/t1/104208/9/10995/158555/5e241949E2f1aabb8/0c368214916b3920.jpg", "goods_price": "698", "goods_name": "华为（HUAWEI）华为智能手表运动蓝牙通话手表防水长续航播放音乐健康检测男士商务手表尊享版-钛银灰【稀缺】旅游老年支持接听电话", "goods_evaluation": "2000"}
{"goods_pic": "https://img11.360buyimg.com/n7/jfs/t1/90943/29/12015/109097/5e411342Ea63eaa69/4dfd7df39e2fb6f0.jpg", "goods_price": "1338", "goods_name": "华为（HUAWEI）华为智能手表运动蓝牙通话手表防水长续航播放音乐健康检测男士商务手表尊享版-钛银灰【稀缺】潜水老年不支持接听电话", "goods_evaluation": "2000"}
{"goods_pic": "https://img11.360buyimg.com/n7/jfs/t1/90943/29/12015/109097/5e411342Ea63eaa69/4dfd7df39e2fb6f0.jpg", "goods_price": "599", "goods_name": "华为（HUAWEI）华为智能手表运动蓝牙通话手表防水长续航播放音乐健康检测男士商务手表尊享版-钛银灰【稀缺】跑步老年不支持接听电话", "goods_evaluation": "2000"}
{"goods_pic": "https://img14.360buyimg.com/n7/jfs/t1/99209/36/9406/129344/5e0f0d52Ec6fb8f53/cd00f9c730dec1c4.jpg", "goods_price": "59", "goods_name": "华为（HUAWEI）华为智能手表运动蓝牙通话手表防水长续航播放音乐健康检测男士商务手表尊享版-钛银灰【稀缺】跑步少儿支持接听电话", "goods_evaluation": "2000"}
{"goods_pic": "http://images-changgou-java.itheima.net/group1/M00/00/00/rBABRV7MmsKAIFK9AALRNP_yk0Y325.png", "goods_price": "9000", "goods_name": "华为MateBookPro红色I7", "goods_evaluation": "2000"}
{"goods_pic": "http://images-changgou-java.itheima.net/group1/M00/00/00/rBABRV7MmseAXlszAACjkpDBruc696.png", "goods_price": "9000", "goods_name": "华为MateBookPro紫色I5", "goods_evaluation": "2000"}
{"goods_pic": "http://images-changgou-java.itheima.net/group1/M00/00/00/rBABRV7MnayAKURcAACjkpDBruc915.png", "goods_price": "17000", "goods_name": "华为MatePro蓝色I7", "goods_evaluation": "2000"}
{"goods_pic": "http://images-changgou-java.itheima.net/group1/M00/00/00/rBABRV7MnwKARyykAACjkpDBruc243.png", "goods_price": "10000", "goods_name": "ProBook华为蓝色I5", "goods_evaluation": "2000"}
{"goods_pic": "http://images-changgou-java.itheima.net/group1/M00/00/00/rBABRV7MknmAePsrAAJSU0JCfZQ602.png", "goods_price": "9000", "goods_name": "华为MateBook蓝色I5", "goods_evaluation": "2000"}
{"goods_pic": "http://images-changgou-java.itheima.net/group1/M00/00/00/rBABRV7MlieAHXQGAAEV7H_n_f0537.png", "goods_price": "9992", "goods_name": "BookMate华为蓝色I7", "goods_evaluation": "2000"}
{"goods_pic": "http://images-changgou-java.itheima.net/group1/M00/00/00/rBABRV7Ml86AZoy0AAJSU0JCfZQ467.png", "goods_price": "11111", "goods_name": "华为Book红色I5", "goods_evaluation": "2000"}
{"goods_pic": "http://images-changgou-java.itheima.net/group1/M00/00/00/rBABRV7MnaSAZqtrAAI1Du-G59s009.png", "goods_price": "19000", "goods_name": "华为MatePro红色I7", "goods_evaluation": "2000"}
{"goods_pic": "http://images-changgou-java.itheima.net/group1/M00/00/00/rBABRV7MnvqANP8fAACjkpDBruc944.png", "goods_price": "10000", "goods_name": "ProBook华为红色I5", "goods_evaluation": "2000"}
{"goods_pic": "http://images-changgou-java.itheima.net/group1/M00/00/00/rBABRV7NISCAfLx9AAAv-aR0VEc676.png", "goods_price": "10000", "goods_name": "华为Honor蓝色I7", "goods_evaluation": "2000"}
{"goods_pic": "https://img12.360buyimg.com/n7/jfs/t1/104208/9/10995/158555/5e241949E2f1aabb8/0c368214916b3920.jpg", "goods_price": "699", "goods_name": "华为（HUAWEI）华为智能手表运动蓝牙通话手表防水长续航播放音乐健康检测男士商务手表尊享版-钛银灰【稀缺】攀爬老年不支持接听电话", "goods_evaluation": "2000"}
{"goods_pic": "https://img14.360buyimg.com/n7/jfs/t1/99209/36/9406/129344/5e0f0d52Ec6fb8f53/cd00f9c730dec1c4.jpg", "goods_price": "798", "goods_name": "华为（HUAWEI）华为智能手表运动蓝牙通话手表防水长续航播放音乐健康检测男士商务手表尊享版-钛银灰【稀缺】潜水老年支持接听电话", "goods_evaluation": "2000"}
{"goods_pic": "https://img14.360buyimg.com/n7/jfs/t1/99209/36/9406/129344/5e0f0d52Ec6fb8f53/cd00f9c730dec1c4.jpg", "goods_price": "1199", "goods_name": "华为（HUAWEI）华为智能手表运动蓝牙通话手表防水长续航播放音乐健康检测男士商务手表尊享版-钛银灰【稀缺】旅游少儿支持接听电话", "goods_evaluation": "2000"}
{"goods_pic": "https://img11.360buyimg.com/n7/jfs/t1/90943/29/12015/109097/5e411342Ea63eaa69/4dfd7df39e2fb6f0.jpg", "goods_price": "1488", "goods_name": "华为（HUAWEI）华为智能手表运动蓝牙通话手表防水长续航播放音乐健康检测男士商务手表尊享版-钛银灰【稀缺】跑步少儿不支持接听电话", "goods_evaluation": "2000"}
{"goods_pic": "https://img13.360buyimg.com/n7/jfs/t1/101136/15/10597/389777/5e1d216bE7ff5df4c/56b7290b68110b0c.png", "goods_price": "599", "goods_name": "华为（HUAWEI）华为智能手表运动蓝牙通话手表防水长续航播放音乐健康检测男士商务手表尊享版-钛银灰【稀缺】旅游中年支持接听电话", "goods_evaluation": "2000"}
{"goods_pic": "https://img14.360buyimg.com/n7/jfs/t1/99209/36/9406/129344/5e0f0d52Ec6fb8f53/cd00f9c730dec1c4.jpg", "goods_price": "299", "goods_name": "华为（HUAWEI）华为智能手表运动蓝牙通话手表防水长续航播放音乐健康检测男士商务手表尊享版-钛银灰【稀缺】潜水青少年支持接听电话", "goods_evaluation": "2000"}
{"goods_pic": "https://img13.360buyimg.com/n7/jfs/t1/101136/15/10597/389777/5e1d216bE7ff5df4c/56b7290b68110b0c.png", "goods_price": "749", "goods_name": "华为（HUAWEI）华为智能手表运动蓝牙通话手表防水长续航播放音乐健康检测男士商务手表尊享版-钛银灰【稀缺】旅游中年不支持接听电话", "goods_evaluation": "2000"}
{"goods_pic": "https://img11.360buyimg.com/n7/jfs/t1/90943/29/12015/109097/5e411342Ea63eaa69/4dfd7df39e2fb6f0.jpg", "goods_price": "698", "goods_name": "华为（HUAWEI）华为智能手表运动蓝牙通话手表防水长续航播放音乐健康检测男士商务手表尊享版-钛银灰【稀缺】攀爬少儿不支持接听电话", "goods_evaluation": "2000"}
{"goods_pic": "https://img14.360buyimg.com/n7/jfs/t1/85516/2/11532/123172/5e359b6dE9d3992d4/e60a2555606a5eea.jpg", "goods_price": "1648", "goods_name": "华为（HUAWEI）华为智能手表运动蓝牙通话手表防水长续航播放音乐健康检测男士商务手表尊享版-钛银灰【稀缺】旅游少儿不支持接听电话", "goods_evaluation": "2000"}
{"goods_pic": "https://img14.360buyimg.com/n7/jfs/t1/85516/2/11532/123172/5e359b6dE9d3992d4/e60a2555606a5eea.jpg", "goods_price": "1338", "goods_name": "华为（HUAWEI）华为智能手表运动蓝牙通话手表防水长续航播放音乐健康检测男士商务手表尊享版-钛银灰【稀缺】跑步中年不支持接听电话", "goods_evaluation": "2000"}
{"goods_pic": "https://img13.360buyimg.com/n7/jfs/t1/101136/15/10597/389777/5e1d216bE7ff5df4c/56b7290b68110b0c.png", "goods_price": "1388", "goods_name": "华为（HUAWEI）华为智能手表运动蓝牙通话手表防水长续航播放音乐健康检测男士商务手表尊享版-钛银灰【稀缺】旅游老年不支持接听电话", "goods_evaluation": "2000"}
{"goods_pic": "https://img11.360buyimg.com/n7/jfs/t1/90943/29/12015/109097/5e411342Ea63eaa69/4dfd7df39e2fb6f0.jpg", "goods_price": "218", "goods_name": "华为（HUAWEI）华为智能手表运动蓝牙通话手表防水长续航播放音乐健康检测男士商务手表尊享版-钛银灰【稀缺】跑步老年支持接听电话", "goods_evaluation": "2000"}
{"goods_pic": "https://img13.360buyimg.com/n7/jfs/t1/101136/15/10597/389777/5e1d216bE7ff5df4c/56b7290b68110b0c.png", "goods_price": "2278", "goods_name": "华为（HUAWEI）华为智能手表运动蓝牙通话手表防水长续航播放音乐健康检测男士商务手表尊享版-钛银灰【稀缺】潜水青少年不支持接听电话", "goods_evaluation": "2000"}
{"goods_pic": "https://img13.360buyimg.com/n7/jfs/t1/101136/15/10597/389777/5e1d216bE7ff5df4c/56b7290b68110b0c.png", "goods_price": "299", "goods_name": "华为（HUAWEI）华为智能手表运动蓝牙通话手表防水长续航播放音乐健康检测男士商务手表尊享版-钛银灰【稀缺】攀爬青少年不支持接听电话", "goods_evaluation": "2000"}
{"goods_pic": "https://img14.360buyimg.com/n7/jfs/t1/85516/2/11532/123172/5e359b6dE9d3992d4/e60a2555606a5eea.jpg", "goods_price": "229", "goods_name": "华为（HUAWEI）华为智能手表运动蓝牙通话手表防水长续航播放音乐健康检测男士商务手表尊享版-钛银灰【稀缺】潜水少儿支持接听电话", "goods_evaluation": "2000"}
{"goods_pic": "https://img13.360buyimg.com/n7/jfs/t1/63971/5/11353/46779/5d8c5a52E7262d618/c2f5e3a138443d2d.jpg", "goods_price": "1688", "goods_name": "华为（HUAWEI）华为智能手表运动蓝牙通话手表防水长续航播放音乐健康检测男士商务手表尊享版-钛银灰【稀缺】潜水少儿不支持接听电话", "goods_evaluation": "2000"}
{"goods_pic": "https://img14.360buyimg.com/n7/jfs/t1/99209/36/9406/129344/5e0f0d52Ec6fb8f53/cd00f9c730dec1c4.jpg", "goods_price": "1688", "goods_name": "华为（HUAWEI）华为智能手表运动蓝牙通话手表防水长续航播放音乐健康检测男士商务手表尊享版-钛银灰【稀缺】攀爬青少年支持接听电话", "goods_evaluation": "2000"}
{"goods_pic": "https://img12.360buyimg.com/n7/jfs/t1/104208/9/10995/158555/5e241949E2f1aabb8/0c368214916b3920.jpg", "goods_price": "888", "goods_name": "华为（HUAWEI）华为智能手表运动蓝牙通话手表防水长续航播放音乐健康检测男士商务手表尊享版-钛银灰【稀缺】跑步青少年支持接听电话", "goods_evaluation": "2000"}
{"goods_pic": "https://img11.360buyimg.com/n7/jfs/t1/90943/29/12015/109097/5e411342Ea63eaa69/4dfd7df39e2fb6f0.jpg", "goods_price": "1558", "goods_name": "华为（HUAWEI）华为智能手表运动蓝牙通话手表防水长续航播放音乐健康检测男士商务手表尊享版-钛银灰【稀缺】攀爬中年支持接听电话", "goods_evaluation": "2000"}
{"goods_pic": "https://img13.360buyimg.com/n7/jfs/t1/63971/5/11353/46779/5d8c5a52E7262d618/c2f5e3a138443d2d.jpg", "goods_price": "398", "goods_name": "华为（HUAWEI）华为智能手表运动蓝牙通话手表防水长续航播放音乐健康检测男士商务手表尊享版-钛银灰【稀缺】跑步中年支持接听电话", "goods_evaluation": "2000"}
{"goods_pic": "http://images-changgou-java.itheima.net/group1/M00/00/00/rBABRV7MkmeADbpZAAJSU0JCfZQ495.png", "goods_price": "8000", "goods_name": "华为MateBook红色I7", "goods_evaluation": "2000"}
{"goods_pic": "http://images-changgou-java.itheima.net/group1/M00/00/00/rBABRV7Mlh2AX5PgAAI8All5Ax4510.png", "goods_price": "9998", "goods_name": "BookMate华为红色I7", "goods_evaluation": "2000"}
{"goods_pic": "http://images-changgou-java.itheima.net/group1/M00/00/00/rBABRV7MliKAAUbPAAL3y5V_FdE626.png", "goods_price": "9993", "goods_name": "BookMate华为红色I5", "goods_evaluation": "2000"}
{"goods_pic": "http://images-changgou-java.itheima.net/group1/M00/00/00/rBABRV7Ml92AByOvAAEV7H_n_f0382.png", "goods_price": "33333", "goods_name": "华为Book紫色I7", "goods_evaluation": "2000"}
{"goods_pic": "http://images-changgou-java.itheima.net/group1/M00/00/00/rBABRV7MnaeAYM6pAALRNP_yk0Y286.png", "goods_price": "18009", "goods_name": "华为MatePro红色I5", "goods_evaluation": "2000"}
{"goods_pic": "http://images-changgou-java.itheima.net/group1/M00/00/00/rBABRV7Mnv6AJ0X0AAAv-aR0VEc429.png", "goods_price": "10000", "goods_name": "ProBook华为蓝色I7", "goods_evaluation": "2000"}
{"goods_pic": "http://images-changgou-java.itheima.net/group1/M00/00/00/rBABRV7Mkm2ATX0QAAJSU0JCfZQ601.png", "goods_price": "8010", "goods_name": "华为MateBook红色I5", "goods_evaluation": "2000"}
{"goods_pic": "http://images-changgou-java.itheima.net/group1/M00/00/00/rBABRV7Mli2ACyvwAAJSU0JCfZQ015.png", "goods_price": "9994", "goods_name": "BookMate华为蓝色I5", "goods_evaluation": "2000"}
{"goods_pic": "http://images-changgou-java.itheima.net/group1/M00/00/00/rBABRV7Ml9eAGTpMAAL3y5V_FdE406.png", "goods_price": "112222", "goods_name": "华为Book紫色I5", "goods_evaluation": "2000"}
{"goods_pic": "http://images-changgou-java.itheima.net/group1/M00/00/00/rBABRV7MnvaAQje0AAI1Du-G59s454.png", "goods_price": "10000", "goods_name": "ProBook华为红色I7", "goods_evaluation": "2000"}
{"goods_pic": "http://images-changgou-java.itheima.net/group1/M00/00/00/rBABRV7NIRaAZJPyAAI1Du-G59s868.png", "goods_price": "10000", "goods_name": "华为Honor红色I7", "goods_evaluation": "2000"}
{"goods_pic": "http://images-changgou-java.itheima.net/group1/M00/00/00/rBABRV7NIRyAFs2_AALRNP_yk0Y082.png", "goods_price": "10000", "goods_name": "华为Honor红色I5", "goods_evaluation": "2000"}
{"goods_pic": "http://images-changgou-java.itheima.net/group1/M00/00/00/rBABRV7Mmr6AejA8AAI1Du-G59s800.png", "goods_price": "9000", "goods_name": "华为MateBookPro红色I5", "goods_evaluation": "2000"}
{"goods_pic": "http://images-changgou-java.itheima.net/group1/M00/00/00/rBABRV7MmsuADN6wAAAv-aR0VEc795.png", "goods_price": "9000", "goods_name": "华为MateBookPro紫色I7", "goods_evaluation": "2000"}
{"goods_pic": "http://images-changgou-java.itheima.net/group1/M00/00/00/rBABRV7MnbKACqc4AAHQMvsFgxM888.png", "goods_price": "16000", "goods_name": "华为MatePro蓝色I5", "goods_evaluation": "2000"}
{"goods_pic": "http://images-changgou-java.itheima.net/group1/M00/00/00/rBABRV7NISWAYMiAAAHQMvsFgxM486.png", "goods_price": "10000", "goods_name": "华为Honor蓝色I5", "goods_evaluation": "2000"}
{"goods_pic": "http://images-changgou-java.itheima.net/group1/M00/00/01/rBABRV7-hMWAHaMnAALOdxi1h-M563.png", "goods_price": "19999", "goods_name": "华为笔记本紫色I6", "goods_evaluation": "2000"}
{"goods_pic": "http://images-changgou-java.itheima.net/group1/M00/00/01/rBABRV7-hMCAEPNfAAJIS8BIHnw584.png", "goods_price": "19998", "goods_name": "华为笔记本红色I6", "goods_evaluation": "2000"}
{"goods_pic": "http://images-changgou-java.itheima.net/group1/M00/00/01/rBABRV7-h86AZUePAAIlHVnV2Q8709.png", "goods_price": "10001", "goods_name": "华为笔记本蓝色I5", "goods_evaluation": "2000"}
{"goods_pic": "http://images-changgou-java.itheima.net/group1/M00/00/01/rBABRV7-h8mAXbNmAAHj9Tg7HIc005.png", "goods_price": "10000", "goods_name": "华为笔记本红色I5", "goods_evaluation": "2000"}
{"goods_pic": "https://img13.360buyimg.com/n7/jfs/t1/46183/7/15394/240626/5dc41505E8695eb48/96717b886222b91b.jpg", "goods_price": "559", "goods_name": "华为Mate版手机全网通亮黑色(+)联通3G红色麒麟820IOS64G3600万", "goods_evaluation": "2000"}
{"goods_pic": "https://img13.360buyimg.com/n7/jfs/t1/104024/21/13950/225056/5e5cc9a6E2cb14430/c33da461f5007b9b.jpg", "goods_price": "3588", "goods_name": "华为Mate版手机全网通亮黑色(+)联通3G蓝色麒麟820IOS64G4800万", "goods_evaluation": "2000"}
{"goods_pic": "https://img14.360buyimg.com/n7/jfs/t1/94920/10/1507/147739/5dbe9fd4E6fc03063/381cb4d9089f58d5.jpg", "goods_price": "1049", "goods_name": "华为Mate版手机全网通亮黑色(+)联通3G蓝色麒麟820IOS64G5200万", "goods_evaluation": "2000"}
{"goods_pic": "https://img14.360buyimg.com/n7/jfs/t1/94920/10/1507/147739/5dbe9fd4E6fc03063/381cb4d9089f58d5.jpg", "goods_price": "2199", "goods_name": "华为Mate版手机全网通亮黑色(+)联通3G紫色麒麟820Android64G3600万", "goods_evaluation": "2000"}
{"goods_pic": "https://img13.360buyimg.com/n7/jfs/t1/104024/21/13950/225056/5e5cc9a6E2cb14430/c33da461f5007b9b.jpg", "goods_price": "3678", "goods_name": "华为Mate版手机全网通亮黑色(+)联通3G红色麒麟820IOS128G4800万", "goods_evaluation": "2000"}
{"goods_pic": "https://img13.360buyimg.com/n7/jfs/t1/46183/7/15394/240626/5dc41505E8695eb48/96717b886222b91b.jpg", "goods_price": "2499", "goods_name": "华为Mate版手机全网通亮黑色(+)联通3G红色麒麟820Android128G3600万", "goods_evaluation": "2000"}
{"goods_pic": "https://img14.360buyimg.com/n7/jfs/t1/94920/10/1507/147739/5dbe9fd4E6fc03063/381cb4d9089f58d5.jpg", "goods_price": "2199", "goods_name": "华为Mate版手机全网通亮黑色(+)联通3G蓝色麒麟820Android128G4800万", "goods_evaluation": "2000"}
{"goods_pic": "https://img13.360buyimg.com/n7/jfs/t1/104024/21/13950/225056/5e5cc9a6E2cb14430/c33da461f5007b9b.jpg", "goods_price": "4499", "goods_name": "华为Mate版手机全网通亮黑色(+)联通3G蓝色麒麟820IOS128G4800万", "goods_evaluation": "2000"}
{"goods_pic": "https://img14.360buyimg.com/n7/jfs/t1/50563/3/14566/278640/5db7ecd0E025fc964/424eabdce744dc40.jpg", "goods_price": "999", "goods_name": "华为Mate版手机全网通亮黑色(+)联通3G蓝色麒麟820IOS128G3600万", "goods_evaluation": "2000"}
{"goods_pic": "https://img14.360buyimg.com/n7/jfs/t1/50563/3/14566/278640/5db7ecd0E025fc964/424eabdce744dc40.jpg", "goods_price": "1299", "goods_name": "华为Mate版手机全网通亮黑色(+)联通3G紫色麒麟820IOS128G4800万", "goods_evaluation": "2000"}
{"goods_pic": "https://img14.360buyimg.com/n7/jfs/t1/50563/3/14566/278640/5db7ecd0E025fc964/424eabdce744dc40.jpg", "goods_price": "2169", "goods_name": "华为Mate版手机全网通亮黑色(+)联通3G红色麒麟820IOS264G4800万", "goods_evaluation": "2000"}
{"goods_pic": "https://img14.360buyimg.com/n7/jfs/t1/94920/10/1507/147739/5dbe9fd4E6fc03063/381cb4d9089f58d5.jpg", "goods_price": "3499", "goods_name": "华为Mate版手机全网通亮黑色(+)联通3G紫色麒麟820Android264G4800万", "goods_evaluation": "2000"}
{"goods_pic": "https://img14.360buyimg.com/n7/jfs/t1/94920/10/1507/147739/5dbe9fd4E6fc03063/381cb4d9089f58d5.jpg", "goods_price": "3499", "goods_name": "华为Mate版手机全网通亮黑色(+)联通3G紫色麒麟820IOS264G4800万", "goods_evaluation": "2000"}
{"goods_pic": "https://img13.360buyimg.com/n7/jfs/t1/104024/21/13950/225056/5e5cc9a6E2cb14430/c33da461f5007b9b.jpg", "goods_price": "4499", "goods_name": "华为Mate版手机全网通亮黑色(+)联通3G紫色麒麟820IOS264G3600万", "goods_evaluation": "2000"}
{"goods_pic": "https://img14.360buyimg.com/n7/jfs/t1/94920/10/1507/147739/5dbe9fd4E6fc03063/381cb4d9089f58d5.jpg", "goods_price": "2188", "goods_name": "华为Mate版手机全网通亮黑色(+)联通3G红色麒麟820IOS512G4800万", "goods_evaluation": "2000"}
{"goods_pic": "https://img14.360buyimg.com/n7/jfs/t1/94920/10/1507/147739/5dbe9fd4E6fc03063/381cb4d9089f58d5.jpg", "goods_price": "2199", "goods_name": "华为Mate版手机全网通亮黑色(+)联通3G蓝色麒麟820Android512G3600万", "goods_evaluation": "2000"}
{"goods_pic": "https://img13.360buyimg.com/n7/jfs/t1/104024/21/13950/225056/5e5cc9a6E2cb14430/c33da461f5007b9b.jpg", "goods_price": "2488", "goods_name": "华为Mate版手机全网通亮黑色(+)联通3G紫色麒麟820IOS512G3600万", "goods_evaluation": "2000"}
{"goods_pic": "https://img13.360buyimg.com/n7/jfs/t1/46183/7/15394/240626/5dc41505E8695eb48/96717b886222b91b.jpg", "goods_price": "2188", "goods_name": "华为Mate版手机全网通亮黑色(+)联通3G紫色麒麟820IOS512G5200万", "goods_evaluation": "2000"}
{"goods_pic": "https://img13.360buyimg.com/n7/jfs/t1/46183/7/15394/240626/5dc41505E8695eb48/96717b886222b91b.jpg", "goods_price": "4499", "goods_name": "华为Mate版手机全网通亮黑色(+)联通3G蓝色麒麟990IOS64G4800万", "goods_evaluation": "2000"}
{"goods_pic": "https://img14.360buyimg.com/n7/jfs/t1/50563/3/14566/278640/5db7ecd0E025fc964/424eabdce744dc40.jpg", "goods_price": "1049", "goods_name": "华为Mate版手机全网通亮黑色(+)联通3G蓝色麒麟990Android64G5200万", "goods_evaluation": "2000"}
{"goods_pic": "https://img14.360buyimg.com/n7/jfs/t1/94920/10/1507/147739/5dbe9fd4E6fc03063/381cb4d9089f58d5.jpg", "goods_price": "3499", "goods_name": "华为Mate版手机全网通亮黑色(+)联通3G紫色麒麟990Android64G4800万", "goods_evaluation": "2000"}
{"goods_pic": "https://img13.360buyimg.com/n7/jfs/t1/104024/21/13950/225056/5e5cc9a6E2cb14430/c33da461f5007b9b.jpg", "goods_price": "1649", "goods_name": "华为Mate版手机全网通亮黑色(+)联通3G蓝色麒麟990IOS128G4800万", "goods_evaluation": "2000"}
{"goods_pic": "https://img14.360buyimg.com/n7/jfs/t1/50563/3/14566/278640/5db7ecd0E025fc964/424eabdce744dc40.jpg", "goods_price": "1999", "goods_name": "华为Mate版手机全网通亮黑色(+)联通3G紫色麒麟990IOS128G3600万", "goods_evaluation": "2000"}
{"goods_pic": "https://img14.360buyimg.com/n7/jfs/t1/50563/3/14566/278640/5db7ecd0E025fc964/424eabdce744dc40.jpg", "goods_price": "4699", "goods_name": "华为Mate版手机全网通亮黑色(+)联通3G蓝色麒麟990IOS264G5200万", "goods_evaluation": "2000"}
{"goods_pic": "https://img13.360buyimg.com/n7/jfs/t1/104024/21/13950/225056/5e5cc9a6E2cb14430/c33da461f5007b9b.jpg", "goods_price": "989", "goods_name": "华为Mate版手机全网通亮黑色(+)联通3G紫色麒麟990IOS264G4800万", "goods_evaluation": "2000"}
{"goods_pic": "https://img13.360buyimg.com/n7/jfs/t1/104024/21/13950/225056/5e5cc9a6E2cb14430/c33da461f5007b9b.jpg", "goods_price": "1046", "goods_name": "华为Mate版手机全网通亮黑色(+)联通3G红色麒麟990Android512G3600万", "goods_evaluation": "2000"}
{"goods_pic": "https://img14.360buyimg.com/n7/jfs/t1/50563/3/14566/278640/5db7ecd0E025fc964/424eabdce744dc40.jpg", "goods_price": "3899", "goods_name": "华为Mate版手机全网通亮黑色(+)联通3G红色麒麟990IOS512G5200万", "goods_evaluation": "2000"}
{"goods_pic": "https://img13.360buyimg.com/n7/jfs/t1/104024/21/13950/225056/5e5cc9a6E2cb14430/c33da461f5007b9b.jpg", "goods_price": "1699", "goods_name": "华为Mate版手机全网通亮黑色(+)联通3G蓝色麒麟990Android512G4800万", "goods_evaluation": "2000"}
{"goods_pic": "https://img14.360buyimg.com/n7/jfs/t1/50563/3/14566/278640/5db7ecd0E025fc964/424eabdce744dc40.jpg", "goods_price": "2058", "goods_name": "华为Mate版手机全网通亮黑色(+)联通3G紫色麒麟990IOS512G5200万", "goods_evaluation": "2000"}
{"goods_pic": "https://img13.360buyimg.com/n7/jfs/t1/46183/7/15394/240626/5dc41505E8695eb48/96717b886222b91b.jpg", "goods_price": "5399", "goods_name": "华为Mate版手机全网通亮黑色(+)联通3G蓝色麒麟810Android64G4800万", "goods_evaluation": "2000"}
{"goods_pic": "https://img13.360buyimg.com/n7/jfs/t1/104024/21/13950/225056/5e5cc9a6E2cb14430/c33da461f5007b9b.jpg", "goods_price": "12999", "goods_name": "华为Mate版手机全网通亮黑色(+)联通3G紫色麒麟810IOS64G3600万", "goods_evaluation": "2000"}
{"goods_pic": "https://img13.360buyimg.com/n7/jfs/t1/46183/7/15394/240626/5dc41505E8695eb48/96717b886222b91b.jpg", "goods_price": "1399", "goods_name": "华为Mate版手机全网通亮黑色(+)联通3G红色麒麟810Android128G4800万", "goods_evaluation": "2000"}
{"goods_pic": "https://img14.360buyimg.com/n7/jfs/t1/94920/10/1507/147739/5dbe9fd4E6fc03063/381cb4d9089f58d5.jpg", "goods_price": "2188", "goods_name": "华为Mate版手机全网通亮黑色(+)联通3G红色麒麟810IOS128G4800万", "goods_evaluation": "2000"}
{"goods_pic": "https://img13.360buyimg.com/n7/jfs/t1/104024/21/13950/225056/5e5cc9a6E2cb14430/c33da461f5007b9b.jpg", "goods_price": "3489", "goods_name": "华为Mate版手机全网通亮黑色(+)联通3G红色麒麟810Android128G3600万", "goods_evaluation": "2000"}
{"goods_pic": "https://img14.360buyimg.com/n7/jfs/t1/94920/10/1507/147739/5dbe9fd4E6fc03063/381cb4d9089f58d5.jpg", "goods_price": "1599", "goods_name": "华为Mate版手机全网通亮黑色(+)联通3G红色麒麟810IOS128G5200万", "goods_evaluation": "2000"}
{"goods_pic": "https://img14.360buyimg.com/n7/jfs/t1/94920/10/1507/147739/5dbe9fd4E6fc03063/381cb4d9089f58d5.jpg", "goods_price": "1999", "goods_name": "华为Mate版手机全网通亮黑色(+)联通3G紫色麒麟810Android128G4800万", "goods_evaluation": "2000"}
{"goods_pic": "https://img14.360buyimg.com/n7/jfs/t1/50563/3/14566/278640/5db7ecd0E025fc964/424eabdce744dc40.jpg", "goods_price": "1849", "goods_name": "华为Mate版手机全网通亮黑色(+)联通3G红色麒麟810IOS264G4800万", "goods_evaluation": "2000"}
{"goods_pic": "https://img14.360buyimg.com/n7/jfs/t1/50563/3/14566/278640/5db7ecd0E025fc964/424eabdce744dc40.jpg", "goods_price": "1049", "goods_name": "华为Mate版手机全网通亮黑色(+)联通3G红色麒麟810Android264G3600万", "goods_evaluation": "2000"}
{"goods_pic": "https://img14.360buyimg.com/n7/jfs/t1/94920/10/1507/147739/5dbe9fd4E6fc03063/381cb4d9089f58d5.jpg", "goods_price": "1999", "goods_name": "华为Mate版手机全网通亮黑色(+)联通3G蓝色麒麟810IOS264G4800万", "goods_evaluation": "2000"}
{"goods_pic": "https://img14.360buyimg.com/n7/jfs/t1/94920/10/1507/147739/5dbe9fd4E6fc03063/381cb4d9089f58d5.jpg", "goods_price": "1849", "goods_name": "华为Mate版手机全网通亮黑色(+)联通3G蓝色麒麟810Android264G3600万", "goods_evaluation": "2000"}
{"goods_pic": "https://img13.360buyimg.com/n7/jfs/t1/46183/7/15394/240626/5dc41505E8695eb48/96717b886222b91b.jpg", "goods_price": "1399", "goods_name": "华为Mate版手机全网通亮黑色(+)联通3G蓝色麒麟810Android264G5200万", "goods_evaluation": "2000"}
{"goods_pic": "https://img13.360buyimg.com/n7/jfs/t1/46183/7/15394/240626/5dc41505E8695eb48/96717b886222b91b.jpg", "goods_price": "4499", "goods_name": "华为Mate版手机全网通亮黑色(+)联通3G紫色麒麟810Android264G5200万", "goods_evaluation": "2000"}
{"goods_pic": "https://img14.360buyimg.com/n7/jfs/t1/94920/10/1507/147739/5dbe9fd4E6fc03063/381cb4d9089f58d5.jpg", "goods_price": "1499", "goods_name": "华为Mate版手机全网通亮黑色(+)联通3G红色麒麟810Android512G3600万", "goods_evaluation": "2000"}
{"goods_pic": "https://img14.360buyimg.com/n7/jfs/t1/94920/10/1507/147739/5dbe9fd4E6fc03063/381cb4d9089f58d5.jpg", "goods_price": "435", "goods_name": "华为Mate版手机全网通亮黑色(+)联通3G蓝色麒麟810Android512G4800万", "goods_evaluation": "2000"}
{"goods_pic": "https://img14.360buyimg.com/n7/jfs/t1/50563/3/14566/278640/5db7ecd0E025fc964/424eabdce744dc40.jpg", "goods_price": "2159", "goods_name": "华为Mate版手机全网通亮黑色(+)联通3G紫色高通865Android64G4800万", "goods_evaluation": "2000"}
{"goods_pic": "https://img14.360buyimg.com/n7/jfs/t1/50563/3/14566/278640/5db7ecd0E025fc964/424eabdce744dc40.jpg", "goods_price": "1699", "goods_name": "华为Mate版手机全网通亮黑色(+)联通3G红色高通865Android128G3600万", "goods_evaluation": "2000"}
{"goods_pic": "https://img13.360buyimg.com/n7/jfs/t1/46183/7/15394/240626/5dc41505E8695eb48/96717b886222b91b.jpg", "goods_price": "1898", "goods_name": "华为Mate版手机全网通亮黑色(+)联通3G红色高通865IOS128G5200万", "goods_evaluation": "2000"}
{"goods_pic": "https://img14.360buyimg.com/n7/jfs/t1/94920/10/1507/147739/5dbe9fd4E6fc03063/381cb4d9089f58d5.jpg", "goods_price": "1049", "goods_name": "华为Mate版手机全网通亮黑色(+)联通3G蓝色高通865Android128G3600万", "goods_evaluation": "2000"}
{"goods_pic": "https://img14.360buyimg.com/n7/jfs/t1/94920/10/1507/147739/5dbe9fd4E6fc03063/381cb4d9089f58d5.jpg", "goods_price": "1499", "goods_name": "华为Mate版手机全网通亮黑色(+)联通3G蓝色高通865IOS128G5200万", "goods_evaluation": "2000"}
{"goods_pic": "https://img13.360buyimg.com/n7/jfs/t1/104024/21/13950/225056/5e5cc9a6E2cb14430/c33da461f5007b9b.jpg", "goods_price": "1668", "goods_name": "华为Mate版手机全网通亮黑色(+)联通3G红色高通865Android264G3600万", "goods_evaluation": "2000"}
{"goods_pic": "https://img14.360buyimg.com/n7/jfs/t1/94920/10/1507/147739/5dbe9fd4E6fc03063/381cb4d9089f58d5.jpg", "goods_price": "2399", "goods_name": "华为Mate版手机全网通亮黑色(+)联通3G紫色高通865Android264G4800万", "goods_evaluation": "2000"}
{"goods_pic": "https://img14.360buyimg.com/n7/jfs/t1/94920/10/1507/147739/5dbe9fd4E6fc03063/381cb4d9089f58d5.jpg", "goods_price": "899", "goods_name": "华为Mate版手机全网通亮黑色(+)联通3G红色高通865Android512G4800万", "goods_evaluation": "2000"}
{"goods_pic": "https://img13.360buyimg.com/n7/jfs/t1/46183/7/15394/240626/5dc41505E8695eb48/96717b886222b91b.jpg", "goods_price": "3999", "goods_name": "华为Mate版手机全网通亮黑色(+)联通3G蓝色高通865IOS512G4800万", "goods_evaluation": "2000"}
{"goods_pic": "https://img14.360buyimg.com/n7/jfs/t1/50563/3/14566/278640/5db7ecd0E025fc964/424eabdce744dc40.jpg", "goods_price": "4499", "goods_name": "华为Mate版手机全网通亮黑色(+)联通3G紫色高通865Android512G4800万", "goods_evaluation": "2000"}
{"goods_pic": "https://img13.360buyimg.com/n7/jfs/t1/46183/7/15394/240626/5dc41505E8695eb48/96717b886222b91b.jpg", "goods_price": "3899", "goods_name": "华为Mate版手机全网通亮黑色(+)联通3G紫色高通865IOS512G3600万", "goods_evaluation": "2000"}
{"goods_pic": "https://img13.360buyimg.com/n7/jfs/t1/46183/7/15394/240626/5dc41505E8695eb48/96717b886222b91b.jpg", "goods_price": "4488", "goods_name": "华为Mate版手机全网通亮黑色(+)联通4G红色麒麟820Android64G4800万", "goods_evaluation": "2000"}
{"goods_pic": "https://img13.360buyimg.com/n7/jfs/t1/46183/7/15394/240626/5dc41505E8695eb48/96717b886222b91b.jpg", "goods_price": "1328", "goods_name": "华为Mate版手机全网通亮黑色(+)联通4G蓝色麒麟820IOS64G4800万", "goods_evaluation": "2000"}
{"goods_pic": "https://img14.360buyimg.com/n7/jfs/t1/94920/10/1507/147739/5dbe9fd4E6fc03063/381cb4d9089f58d5.jpg", "goods_price": "1099", "goods_name": "华为Mate版手机全网通亮黑色(+)联通4G蓝色麒麟820IOS64G3600万", "goods_evaluation": "2000"}
{"goods_pic": "https://img14.360buyimg.com/n7/jfs/t1/50563/3/14566/278640/5db7ecd0E025fc964/424eabdce744dc40.jpg", "goods_price": "1328", "goods_name": "华为Mate版手机全网通亮黑色(+)联通4G紫色麒麟820Android64G3600万", "goods_evaluation": "2000"}
{"goods_pic": "https://img13.360buyimg.com/n7/jfs/t1/104024/21/13950/225056/5e5cc9a6E2cb14430/c33da461f5007b9b.jpg", "goods_price": "3499", "goods_name": "华为Mate版手机全网通亮黑色(+)联通4G红色麒麟820IOS128G5200万", "goods_evaluation": "2000"}
{"goods_pic": "https://img13.360buyimg.com/n7/jfs/t1/46183/7/15394/240626/5dc41505E8695eb48/96717b886222b91b.jpg", "goods_price": "989", "goods_name": "华为Mate版手机全网通亮黑色(+)联通4G紫色麒麟820Android128G4800万", "goods_evaluation": "2000"}
{"goods_pic": "https://img14.360buyimg.com/n7/jfs/t1/94920/10/1507/147739/5dbe9fd4E6fc03063/381cb4d9089f58d5.jpg", "goods_price": "3688", "goods_name": "华为Mate版手机全网通亮黑色(+)联通4G紫色麒麟820IOS128G4800万", "goods_evaluation": "2000"}
{"goods_pic": "https://img14.360buyimg.com/n7/jfs/t1/50563/3/14566/278640/5db7ecd0E025fc964/424eabdce744dc40.jpg", "goods_price": "3499", "goods_name": "华为Mate版手机全网通亮黑色(+)联通4G紫色麒麟820Android128G3600万", "goods_evaluation": "2000"}
{"goods_pic": "https://img13.360buyimg.com/n7/jfs/t1/104024/21/13950/225056/5e5cc9a6E2cb14430/c33da461f5007b9b.jpg", "goods_price": "3688", "goods_name": "华为Mate版手机全网通亮黑色(+)联通4G蓝色麒麟820IOS264G3600万", "goods_evaluation": "2000"}
{"goods_pic": "https://img13.360buyimg.com/n7/jfs/t1/46183/7/15394/240626/5dc41505E8695eb48/96717b886222b91b.jpg", "goods_price": "999", "goods_name": "华为Mate版手机全网通亮黑色(+)联通4G蓝色麒麟820Android264G5200万", "goods_evaluation": "2000"}
{"goods_pic": "https://img14.360buyimg.com/n7/jfs/t1/50563/3/14566/278640/5db7ecd0E025fc964/424eabdce744dc40.jpg", "goods_price": "405", "goods_name": "华为Mate版手机全网通亮黑色(+)联通4G紫色麒麟820IOS264G4800万", "goods_evaluation": "2000"}
{"goods_pic": "https://img14.360buyimg.com/n7/jfs/t1/94920/10/1507/147739/5dbe9fd4E6fc03063/381cb4d9089f58d5.jpg", "goods_price": "4499", "goods_name": "华为Mate版手机全网通亮黑色(+)联通4G紫色麒麟820Android264G3600万", "goods_evaluation": "2000"}
{"goods_pic": "https://img13.360buyimg.com/n7/jfs/t1/46183/7/15394/240626/5dc41505E8695eb48/96717b886222b91b.jpg", "goods_price": "6399", "goods_name": "华为Mate版手机全网通亮黑色(+)联通4G紫色麒麟820IOS264G3600万", "goods_evaluation": "2000"}
{"goods_pic": "https://img14.360buyimg.com/n7/jfs/t1/94920/10/1507/147739/5dbe9fd4E6fc03063/381cb4d9089f58d5.jpg", "goods_price": "4488", "goods_name": "华为Mate版手机全网通亮黑色(+)联通4G红色麒麟990Android64G4800万", "goods_evaluation": "2000"}
{"goods_pic": "https://img13.360buyimg.com/n7/jfs/t1/104024/21/13950/225056/5e5cc9a6E2cb14430/c33da461f5007b9b.jpg", "goods_price": "999", "goods_name": "华为Mate版手机全网通亮黑色(+)联通4G蓝色麒麟990IOS64G5200万", "goods_evaluation": "2000"}
{"goods_pic": "https://img14.360buyimg.com/n7/jfs/t1/94920/10/1507/147739/5dbe9fd4E6fc03063/381cb4d9089f58d5.jpg", "goods_price": "870", "goods_name": "华为Mate版手机全网通亮黑色(+)联通4G紫色麒麟990Android64G4800万", "goods_evaluation": "2000"}
{"goods_pic": "https://img14.360buyimg.com/n7/jfs/t1/94920/10/1507/147739/5dbe9fd4E6fc03063/381cb4d9089f58d5.jpg", "goods_price": "2058", "goods_name": "华为Mate版手机全网通亮黑色(+)联通4G紫色麒麟990IOS64G3600万", "goods_evaluation": "2000"}
{"goods_pic": "https://img13.360buyimg.com/n7/jfs/t1/46183/7/15394/240626/5dc41505E8695eb48/96717b886222b91b.jpg", "goods_price": "4899", "goods_name": "华为Mate版手机全网通亮黑色(+)联通4G紫色麒麟990Android64G5200万", "goods_evaluation": "2000"}
{"goods_pic": "https://img13.360buyimg.com/n7/jfs/t1/46183/7/15394/240626/5dc41505E8695eb48/96717b886222b91b.jpg", "goods_price": "2188", "goods_name": "华为Mate版手机全网通亮黑色(+)联通4G红色麒麟990Android128G3600万", "goods_evaluation": "2000"}
{"goods_pic": "https://img13.360buyimg.com/n7/jfs/t1/46183/7/15394/240626/5dc41505E8695eb48/96717b886222b91b.jpg", "goods_price": "499", "goods_name": "华为Mate版手机全网通亮黑色(+)联通4G红色麒麟990IOS128G3600万", "goods_evaluation": "2000"}
{"goods_pic": "https://img13.360buyimg.com/n7/jfs/t1/104024/21/13950/225056/5e5cc9a6E2cb14430/c33da461f5007b9b.jpg", "goods_price": "3489", "goods_name": "华为Mate版手机全网通亮黑色(+)联通4G蓝色麒麟990IOS128G3600万", "goods_evaluation": "2000"}
{"goods_pic": "https://img14.360buyimg.com/n7/jfs/t1/94920/10/1507/147739/5dbe9fd4E6fc03063/381cb4d9089f58d5.jpg", "goods_price": "6399", "goods_name": "华为Mate版手机全网通亮黑色(+)联通4G蓝色麒麟990Android128G5200万", "goods_evaluation": "2000"}
{"goods_pic": "https://img14.360buyimg.com/n7/jfs/t1/50563/3/14566/278640/5db7ecd0E025fc964/424eabdce744dc40.jpg", "goods_price": "1649", "goods_name": "华为Mate版手机全网通亮黑色(+)联通4G蓝色麒麟990IOS128G5200万", "goods_evaluation": "2000"}
{"goods_pic": "https://img14.360buyimg.com/n7/jfs/t1/94920/10/1507/147739/5dbe9fd4E6fc03063/381cb4d9089f58d5.jpg", "goods_price": "2199", "goods_name": "华为Mate版手机全网通亮黑色(+)联通4G紫色麒麟990Android128G3600万", "goods_evaluation": "2000"}
{"goods_pic": "https://img13.360buyimg.com/n7/jfs/t1/104024/21/13950/225056/5e5cc9a6E2cb14430/c33da461f5007b9b.jpg", "goods_price": "1799", "goods_name": "华为Mate版手机全网通亮黑色(+)联通4G紫色麒麟990IOS128G5200万", "goods_evaluation": "2000"}
{"goods_pic": "https://img14.360buyimg.com/n7/jfs/t1/50563/3/14566/278640/5db7ecd0E025fc964/424eabdce744dc40.jpg", "goods_price": "829", "goods_name": "华为Mate版手机全网通亮黑色(+)联通4G红色麒麟990IOS264G3600万", "goods_evaluation": "2000"}
{"goods_pic": "https://img13.360buyimg.com/n7/jfs/t1/104024/21/13950/225056/5e5cc9a6E2cb14430/c33da461f5007b9b.jpg", "goods_price": "435", "goods_name": "华为Mate版手机全网通亮黑色(+)联通4G蓝色麒麟990Android264G3600万", "goods_evaluation": "2000"}
{"goods_pic": "https://img14.360buyimg.com/n7/jfs/t1/94920/10/1507/147739/5dbe9fd4E6fc03063/381cb4d9089f58d5.jpg", "goods_price": "1599", "goods_name": "华为Mate版手机全网通亮黑色(+)联通4G蓝色麒麟990IOS264G5200万", "goods_evaluation": "2000"}
{"goods_pic": "https://img14.360buyimg.com/n7/jfs/t1/50563/3/14566/278640/5db7ecd0E025fc964/424eabdce744dc40.jpg", "goods_price": "1919", "goods_name": "华为Mate版手机全网通亮黑色(+)联通4G紫色麒麟990Android264G3600万", "goods_evaluation": "2000"}
{"goods_pic": "https://img13.360buyimg.com/n7/jfs/t1/104024/21/13950/225056/5e5cc9a6E2cb14430/c33da461f5007b9b.jpg", "goods_price": "2188", "goods_name": "华为Mate版手机全网通亮黑色(+)联通4G紫色麒麟990IOS512G4800万", "goods_evaluation": "2000"}
{"goods_pic": "https://img13.360buyimg.com/n7/jfs/t1/104024/21/13950/225056/5e5cc9a6E2cb14430/c33da461f5007b9b.jpg", "goods_price": "1898", "goods_name": "华为Mate版手机全网通亮黑色(+)联通4G蓝色麒麟810Android64G5200万", "goods_evaluation": "2000"}
{"goods_pic": "https://img14.360buyimg.com/n7/jfs/t1/50563/3/14566/278640/5db7ecd0E025fc964/424eabdce744dc40.jpg", "goods_price": "2199", "goods_name": "华为Mate版手机全网通亮黑色(+)联通4G紫色麒麟810IOS64G4800万", "goods_evaluation": "2000"}
{"goods_pic": "https://img13.360buyimg.com/n7/jfs/t1/46183/7/15394/240626/5dc41505E8695eb48/96717b886222b91b.jpg", "goods_price": "1849", "goods_name": "华为Mate版手机全网通亮黑色(+)联通4G紫色麒麟810Android64G5200万", "goods_evaluation": "2000"}
{"goods_pic": "https://img14.360buyimg.com/n7/jfs/t1/50563/3/14566/278640/5db7ecd0E025fc964/424eabdce744dc40.jpg", "goods_price": "1046", "goods_name": "华为Mate版手机全网通亮黑色(+)联通4G蓝色麒麟810Android128G4800万", "goods_evaluation": "2000"}
{"goods_pic": "https://img14.360buyimg.com/n7/jfs/t1/94920/10/1507/147739/5dbe9fd4E6fc03063/381cb4d9089f58d5.jpg", "goods_price": "849", "goods_name": "华为Mate版手机全网通亮黑色(+)联通4G蓝色麒麟810IOS128G4800万", "goods_evaluation": "2000"}
{"goods_pic": "https://img13.360buyimg.com/n7/jfs/t1/46183/7/15394/240626/5dc41505E8695eb48/96717b886222b91b.jpg", "goods_price": "1098", "goods_name": "华为Mate版手机全网通亮黑色(+)联通4G蓝色麒麟810IOS128G5200万", "goods_evaluation": "2000"}
{"goods_pic": "https://img13.360buyimg.com/n7/jfs/t1/104024/21/13950/225056/5e5cc9a6E2cb14430/c33da461f5007b9b.jpg", "goods_price": "849", "goods_name": "华为Mate版手机全网通亮黑色(+)联通4G紫色麒麟810Android128G4800万", "goods_evaluation": "2000"}
{"goods_pic": "https://img13.360buyimg.com/n7/jfs/t1/46183/7/15394/240626/5dc41505E8695eb48/96717b886222b91b.jpg", "goods_price": "855", "goods_name": "华为Mate版手机全网通亮黑色(+)联通4G紫色麒麟810IOS128G5200万", "goods_evaluation": "2000"}
{"goods_pic": "https://img13.360buyimg.com/n7/jfs/t1/104024/21/13950/225056/5e5cc9a6E2cb14430/c33da461f5007b9b.jpg", "goods_price": "2428", "goods_name": "华为Mate版手机全网通亮黑色(+)联通4G红色麒麟810Android264G4800万", "goods_evaluation": "2000"}
{"goods_pic": "https://img14.360buyimg.com/n7/jfs/t1/94920/10/1507/147739/5dbe9fd4E6fc03063/381cb4d9089f58d5.jpg", "goods_price": "1499", "goods_name": "华为Mate版手机全网通亮黑色(+)联通4G蓝色麒麟810IOS264G3600万", "goods_evaluation": "2000"}
{"goods_pic": "https://img13.360buyimg.com/n7/jfs/t1/104024/21/13950/225056/5e5cc9a6E2cb14430/c33da461f5007b9b.jpg", "goods_price": "5887", "goods_name": "华为Mate版手机全网通亮黑色(+)联通4G紫色麒麟810IOS264G4800万", "goods_evaluation": "2000"}
{"goods_pic": "https://img13.360buyimg.com/n7/jfs/t1/104024/21/13950/225056/5e5cc9a6E2cb14430/c33da461f5007b9b.jpg", "goods_price": "1899", "goods_name": "华为Mate版手机全网通亮黑色(+)联通4G紫色麒麟810IOS264G5200万", "goods_evaluation": "2000"}
{"goods_pic": "https://img14.360buyimg.com/n7/jfs/t1/50563/3/14566/278640/5db7ecd0E025fc964/424eabdce744dc40.jpg", "goods_price": "2188", "goods_name": "华为Mate版手机全网通亮黑色(+)联通4G蓝色麒麟810Android512G5200万", "goods_evaluation": "2000"}
{"goods_pic": "https://img14.360buyimg.com/n7/jfs/t1/50563/3/14566/278640/5db7ecd0E025fc964/424eabdce744dc40.jpg", "goods_price": "2599", "goods_name": "华为Mate版手机全网通亮黑色(+)联通4G蓝色麒麟810IOS512G5200万", "goods_evaluation": "2000"}
{"goods_pic": "https://img14.360buyimg.com/n7/jfs/t1/50563/3/14566/278640/5db7ecd0E025fc964/424eabdce744dc40.jpg", "goods_price": "849", "goods_name": "华为Mate版手机全网通亮黑色(+)联通4G紫色麒麟810Android512G4800万", "goods_evaluation": "2000"}
{"goods_pic": "https://img13.360buyimg.com/n7/jfs/t1/46183/7/15394/240626/5dc41505E8695eb48/96717b886222b91b.jpg", "goods_price": "2188", "goods_name": "华为Mate版手机全网通亮黑色(+)联通4G紫色麒麟810IOS512G5200万", "goods_evaluation": "2000"}
{"goods_pic": "https://img13.360buyimg.com/n7/jfs/t1/104024/21/13950/225056/5e5cc9a6E2cb14430/c33da461f5007b9b.jpg", "goods_price": "1020", "goods_name": "华为Mate版手机全网通亮黑色(+)联通4G红色高通865Android64G3600万", "goods_evaluation": "2000"}
{"goods_pic": "https://img13.360buyimg.com/n7/jfs/t1/104024/21/13950/225056/5e5cc9a6E2cb14430/c33da461f5007b9b.jpg", "goods_price": "4488", "goods_name": "华为Mate版手机全网通亮黑色(+)联通4G紫色高通865Android64G5200万", "goods_evaluation": "2000"}
{"goods_pic": "https://img14.360buyimg.com/n7/jfs/t1/94920/10/1507/147739/5dbe9fd4E6fc03063/381cb4d9089f58d5.jpg", "goods_price": "749", "goods_name": "华为Mate版手机全网通亮黑色(+)联通4G红色高通865Android128G4800万", "goods_evaluation": "2000"}
{"goods_pic": "https://img14.360buyimg.com/n7/jfs/t1/50563/3/14566/278640/5db7ecd0E025fc964/424eabdce744dc40.jpg", "goods_price": "6399", "goods_name": "华为Mate版手机全网通亮黑色(+)联通4G红色高通865IOS128G5200万", "goods_evaluation": "2000"}
{"goods_pic": "https://img13.360buyimg.com/n7/jfs/t1/104024/21/13950/225056/5e5cc9a6E2cb14430/c33da461f5007b9b.jpg", "goods_price": "849", "goods_name": "华为Mate版手机全网通亮黑色(+)联通4G蓝色高通865IOS128G4800万", "goods_evaluation": "2000"}
{"goods_pic": "https://img13.360buyimg.com/n7/jfs/t1/46183/7/15394/240626/5dc41505E8695eb48/96717b886222b91b.jpg", "goods_price": "1249", "goods_name": "华为Mate版手机全网通亮黑色(+)联通4G紫色高通865Android264G4800万", "goods_evaluation": "2000"}
{"goods_pic": "https://img13.360buyimg.com/n7/jfs/t1/104024/21/13950/225056/5e5cc9a6E2cb14430/c33da461f5007b9b.jpg", "goods_price": "1099", "goods_name": "华为Mate版手机全网通亮黑色(+)联通4G紫色高通865Android264G5200万", "goods_evaluation": "2000"}
{"goods_pic": "https://img13.360buyimg.com/n7/jfs/t1/104024/21/13950/225056/5e5cc9a6E2cb14430/c33da461f5007b9b.jpg", "goods_price": "405", "goods_name": "华为Mate版手机全网通亮黑色(+)联通4G红色高通865IOS512G5200万", "goods_evaluation": "2000"}
{"goods_pic": "https://img13.360buyimg.com/n7/jfs/t1/46183/7/15394/240626/5dc41505E8695eb48/96717b886222b91b.jpg", "goods_price": "1599", "goods_name": "华为Mate版手机全网通亮黑色(+)联通4G蓝色高通865Android512G4800万", "goods_evaluation": "2000"}
{"goods_pic": "https://img13.360buyimg.com/n7/jfs/t1/46183/7/15394/240626/5dc41505E8695eb48/96717b886222b91b.jpg", "goods_price": "899", "goods_name": "华为Mate版手机全网通亮黑色(+)联通4G蓝色高通865Android512G5200万", "goods_evaluation": "2000"}
{"goods_pic": "https://img13.360buyimg.com/n7/jfs/t1/104024/21/13950/225056/5e5cc9a6E2cb14430/c33da461f5007b9b.jpg", "goods_price": "749", "goods_name": "华为Mate版手机全网通亮黑色(+)联通4G紫色高通865Android512G3600万", "goods_evaluation": "2000"}
{"goods_pic": "https://img13.360buyimg.com/n7/jfs/t1/46183/7/15394/240626/5dc41505E8695eb48/96717b886222b91b.jpg", "goods_price": "6399", "goods_name": "华为Mate版手机全网通亮黑色(+)联通4G紫色高通865IOS512G3600万", "goods_evaluation": "2000"}
{"goods_pic": "https://img14.360buyimg.com/n7/jfs/t1/94920/10/1507/147739/5dbe9fd4E6fc03063/381cb4d9089f58d5.jpg", "goods_price": "4499", "goods_name": "华为Mate版手机全网通亮黑色(+)联通4G紫色高通865IOS512G5200万", "goods_evaluation": "2000"}
{"goods_pic": "https://img13.360buyimg.com/n7/jfs/t1/46183/7/15394/240626/5dc41505E8695eb48/96717b886222b91b.jpg", "goods_price": "4499", "goods_name": "华为Mate版手机全网通亮黑色(+)联通5G蓝色麒麟820Android64G4800万", "goods_evaluation": "2000"}
{"goods_pic": "https://img13.360buyimg.com/n7/jfs/t1/104024/21/13950/225056/5e5cc9a6E2cb14430/c33da461f5007b9b.jpg", "goods_price": "4488", "goods_name": "华为Mate版手机全网通亮黑色(+)联通5G蓝色麒麟820IOS64G4800万", "goods_evaluation": "2000"}
{"goods_pic": "https://img13.360buyimg.com/n7/jfs/t1/46183/7/15394/240626/5dc41505E8695eb48/96717b886222b91b.jpg", "goods_price": "1049", "goods_name": "华为Mate版手机全网通亮黑色(+)联通5G红色麒麟820IOS128G5200万", "goods_evaluation": "2000"}
{"goods_pic": "https://img13.360buyimg.com/n7/jfs/t1/46183/7/15394/240626/5dc41505E8695eb48/96717b886222b91b.jpg", "goods_price": "1099", "goods_name": "华为Mate版手机全网通亮黑色(+)联通5G蓝色麒麟820Android128G3600万", "goods_evaluation": "2000"}
{"goods_pic": "https://img13.360buyimg.com/n7/jfs/t1/104024/21/13950/225056/5e5cc9a6E2cb14430/c33da461f5007b9b.jpg", "goods_price": "3489", "goods_name": "华为Mate版手机全网通亮黑色(+)联通5G紫色麒麟820Android128G3600万", "goods_evaluation": "2000"}
{"goods_pic": "https://img14.360buyimg.com/n7/jfs/t1/94920/10/1507/147739/5dbe9fd4E6fc03063/381cb4d9089f58d5.jpg", "goods_price": "2389", "goods_name": "华为Mate版手机全网通亮黑色(+)联通5G紫色麒麟820IOS128G3600万", "goods_evaluation": "2000"}
{"goods_pic": "https://img13.360buyimg.com/n7/jfs/t1/46183/7/15394/240626/5dc41505E8695eb48/96717b886222b91b.jpg", "goods_price": "849", "goods_name": "华为Mate版手机全网通亮黑色(+)联通5G红色麒麟820IOS264G4800万", "goods_evaluation": "2000"}
{"goods_pic": "https://img13.360buyimg.com/n7/jfs/t1/104024/21/13950/225056/5e5cc9a6E2cb14430/c33da461f5007b9b.jpg", "goods_price": "4499", "goods_name": "华为Mate版手机全网通亮黑色(+)联通5G紫色麒麟820IOS264G4800万", "goods_evaluation": "2000"}
{"goods_pic": "https://img13.360buyimg.com/n7/jfs/t1/46183/7/15394/240626/5dc41505E8695eb48/96717b886222b91b.jpg", "goods_price": "559", "goods_name": "华为Mate版手机全网通亮黑色(+)联通5G紫色麒麟820Android264G5200万", "goods_evaluation": "2000"}
{"goods_pic": "https://img14.360buyimg.com/n7/jfs/t1/50563/3/14566/278640/5db7ecd0E025fc964/424eabdce744dc40.jpg", "goods_price": "1499", "goods_name": "华为Mate版手机全网通亮黑色(+)联通5G红色麒麟820IOS512G5200万", "goods_evaluation": "2000"}
{"goods_pic": "https://img13.360buyimg.com/n7/jfs/t1/46183/7/15394/240626/5dc41505E8695eb48/96717b886222b91b.jpg", "goods_price": "1098", "goods_name": "华为Mate版手机全网通亮黑色(+)联通5G红色麒麟990Android64G4800万", "goods_evaluation": "2000"}
{"goods_pic": "https://img13.360buyimg.com/n7/jfs/t1/104024/21/13950/225056/5e5cc9a6E2cb14430/c33da461f5007b9b.jpg", "goods_price": "3899", "goods_name": "华为Mate版手机全网通亮黑色(+)联通5G紫色麒麟990IOS64G5200万", "goods_evaluation": "2000"}
{"goods_pic": "https://img13.360buyimg.com/n7/jfs/t1/46183/7/15394/240626/5dc41505E8695eb48/96717b886222b91b.jpg", "goods_price": "4499", "goods_name": "华为Mate版手机全网通亮黑色(+)联通5G红色麒麟990Android128G4800万", "goods_evaluation": "2000"}
{"goods_pic": "https://img14.360buyimg.com/n7/jfs/t1/94920/10/1507/147739/5dbe9fd4E6fc03063/381cb4d9089f58d5.jpg", "goods_price": "1039", "goods_name": "华为Mate版手机全网通亮黑色(+)联通5G蓝色麒麟990IOS128G5200万", "goods_evaluation": "2000"}
{"goods_pic": "https://img14.360buyimg.com/n7/jfs/t1/94920/10/1507/147739/5dbe9fd4E6fc03063/381cb4d9089f58d5.jpg", "goods_price": "3999", "goods_name": "华为Mate版手机全网通亮黑色(+)联通5G红色麒麟990Android264G4800万", "goods_evaluation": "2000"}
{"goods_pic": "https://img14.360buyimg.com/n7/jfs/t1/50563/3/14566/278640/5db7ecd0E025fc964/424eabdce744dc40.jpg", "goods_price": "3599", "goods_name": "华为Mate版手机全网通亮黑色(+)联通5G红色麒麟990IOS264G4800万", "goods_evaluation": "2000"}
{"goods_pic": "https://img13.360buyimg.com/n7/jfs/t1/46183/7/15394/240626/5dc41505E8695eb48/96717b886222b91b.jpg", "goods_price": "1020", "goods_name": "华为Mate版手机全网通亮黑色(+)联通5G蓝色麒麟990Android264G5200万", "goods_evaluation": "2000"}
{"goods_pic": "https://img14.360buyimg.com/n7/jfs/t1/94920/10/1507/147739/5dbe9fd4E6fc03063/381cb4d9089f58d5.jpg", "goods_price": "3499", "goods_name": "华为Mate版手机全网通亮黑色(+)联通5G蓝色麒麟990IOS264G5200万", "goods_evaluation": "2000"}
{"goods_pic": "https://img13.360buyimg.com/n7/jfs/t1/46183/7/15394/240626/5dc41505E8695eb48/96717b886222b91b.jpg", "goods_price": "12999", "goods_name": "华为Mate版手机全网通亮黑色(+)联通5G蓝色麒麟990IOS512G3600万", "goods_evaluation": "2000"}
{"goods_pic": "https://img13.360buyimg.com/n7/jfs/t1/104024/21/13950/225056/5e5cc9a6E2cb14430/c33da461f5007b9b.jpg", "goods_price": "1279", "goods_name": "华为Mate版手机全网通亮黑色(+)联通5G紫色麒麟990Android512G5200万", "goods_evaluation": "2000"}
{"goods_pic": "https://img14.360buyimg.com/n7/jfs/t1/50563/3/14566/278640/5db7ecd0E025fc964/424eabdce744dc40.jpg", "goods_price": "4499", "goods_name": "华为Mate版手机全网通亮黑色(+)联通5G红色麒麟810Android64G4800万", "goods_evaluation": "2000"}
{"goods_pic": "https://img14.360buyimg.com/n7/jfs/t1/94920/10/1507/147739/5dbe9fd4E6fc03063/381cb4d9089f58d5.jpg", "goods_price": "988", "goods_name": "华为Mate版手机全网通亮黑色(+)联通5G红色麒麟810IOS64G4800万", "goods_evaluation": "2000"}
{"goods_pic": "https://img13.360buyimg.com/n7/jfs/t1/104024/21/13950/225056/5e5cc9a6E2cb14430/c33da461f5007b9b.jpg", "goods_price": "1046", "goods_name": "华为Mate版手机全网通亮黑色(+)联通5G红色麒麟810Android64G5200万", "goods_evaluation": "2000"}
{"goods_pic": "https://img14.360buyimg.com/n7/jfs/t1/50563/3/14566/278640/5db7ecd0E025fc964/424eabdce744dc40.jpg", "goods_price": "1399", "goods_name": "华为Mate版手机全网通亮黑色(+)联通5G蓝色麒麟810Android64G4800万", "goods_evaluation": "2000"}
{"goods_pic": "https://img14.360buyimg.com/n7/jfs/t1/94920/10/1507/147739/5dbe9fd4E6fc03063/381cb4d9089f58d5.jpg", "goods_price": "899", "goods_name": "华为Mate版手机全网通亮黑色(+)联通5G紫色麒麟810Android64G4800万", "goods_evaluation": "2000"}
{"goods_pic": "https://img14.360buyimg.com/n7/jfs/t1/50563/3/14566/278640/5db7ecd0E025fc964/424eabdce744dc40.jpg", "goods_price": "2188", "goods_name": "华为Mate版手机全网通亮黑色(+)联通5G紫色麒麟810IOS64G4800万", "goods_evaluation": "2000"}
{"goods_pic": "https://img13.360buyimg.com/n7/jfs/t1/104024/21/13950/225056/5e5cc9a6E2cb14430/c33da461f5007b9b.jpg", "goods_price": "6399", "goods_name": "华为Mate版手机全网通亮黑色(+)联通5G紫色麒麟810Android64G3600万", "goods_evaluation": "2000"}
{"goods_pic": "https://img14.360buyimg.com/n7/jfs/t1/94920/10/1507/147739/5dbe9fd4E6fc03063/381cb4d9089f58d5.jpg", "goods_price": "988", "goods_name": "华为Mate版手机全网通亮黑色(+)联通5G蓝色麒麟810IOS128G3600万", "goods_evaluation": "2000"}
{"goods_pic": "https://img13.360buyimg.com/n7/jfs/t1/46183/7/15394/240626/5dc41505E8695eb48/96717b886222b91b.jpg", "goods_price": "868", "goods_name": "华为Mate版手机全网通亮黑色(+)联通5G蓝色麒麟810IOS128G5200万", "goods_evaluation": "2000"}
{"goods_pic": "https://img13.360buyimg.com/n7/jfs/t1/46183/7/15394/240626/5dc41505E8695eb48/96717b886222b91b.jpg", "goods_price": "6399", "goods_name": "华为Mate版手机全网通亮黑色(+)联通5G紫色麒麟810Android128G5200万", "goods_evaluation": "2000"}
{"goods_pic": "https://img13.360buyimg.com/n7/jfs/t1/104024/21/13950/225056/5e5cc9a6E2cb14430/c33da461f5007b9b.jpg", "goods_price": "1049", "goods_name": "华为Mate版手机全网通亮黑色(+)联通5G红色麒麟810IOS264G5200万", "goods_evaluation": "2000"}
{"goods_pic": "https://img13.360buyimg.com/n7/jfs/t1/104024/21/13950/225056/5e5cc9a6E2cb14430/c33da461f5007b9b.jpg", "goods_price": "1499", "goods_name": "华为Mate版手机全网通亮黑色(+)联通5G蓝色麒麟810Android264G5200万", "goods_evaluation": "2000"}
{"goods_pic": "https://img14.360buyimg.com/n7/jfs/t1/94920/10/1507/147739/5dbe9fd4E6fc03063/381cb4d9089f58d5.jpg", "goods_price": "879", "goods_name": "华为Mate版手机全网通亮黑色(+)联通5G蓝色麒麟810IOS264G5200万", "goods_evaluation": "2000"}
{"goods_pic": "https://img14.360buyimg.com/n7/jfs/t1/94920/10/1507/147739/5dbe9fd4E6fc03063/381cb4d9089f58d5.jpg", "goods_price": "2058", "goods_name": "华为Mate版手机全网通亮黑色(+)联通5G紫色麒麟810Android264G4800万", "goods_evaluation": "2000"}
{"goods_pic": "https://img14.360buyimg.com/n7/jfs/t1/94920/10/1507/147739/5dbe9fd4E6fc03063/381cb4d9089f58d5.jpg", "goods_price": "2488", "goods_name": "华为Mate版手机全网通亮黑色(+)联通5G蓝色麒麟810IOS512G5200万", "goods_evaluation": "2000"}
{"goods_pic": "https://img14.360buyimg.com/n7/jfs/t1/94920/10/1507/147739/5dbe9fd4E6fc03063/381cb4d9089f58d5.jpg", "goods_price": "2599", "goods_name": "华为Mate版手机全网通亮黑色(+)联通5G紫色麒麟810IOS512G4800万", "goods_evaluation": "2000"}
{"goods_pic": "https://img14.360buyimg.com/n7/jfs/t1/94920/10/1507/147739/5dbe9fd4E6fc03063/381cb4d9089f58d5.jpg", "goods_price": "2999", "goods_name": "华为Mate版手机全网通亮黑色(+)联通5G紫色麒麟810Android512G3600万", "goods_evaluation": "2000"}
{"goods_pic": "https://img13.360buyimg.com/n7/jfs/t1/104024/21/13950/225056/5e5cc9a6E2cb14430/c33da461f5007b9b.jpg", "goods_price": "1999", "goods_name": "华为Mate版手机全网通亮黑色(+)联通5G紫色麒麟810IOS512G3600万", "goods_evaluation": "2000"}
{"goods_pic": "https://img13.360buyimg.com/n7/jfs/t1/104024/21/13950/225056/5e5cc9a6E2cb14430/c33da461f5007b9b.jpg", "goods_price": "1599", "goods_name": "华为Mate版手机全网通亮黑色(+)联通5G红色高通865IOS64G4800万", "goods_evaluation": "2000"}
{"goods_pic": "https://img13.360buyimg.com/n7/jfs/t1/46183/7/15394/240626/5dc41505E8695eb48/96717b886222b91b.jpg", "goods_price": "1489", "goods_name": "华为Mate版手机全网通亮黑色(+)联通5G红色高通865Android64G3600万", "goods_evaluation": "2000"}
{"goods_pic": "https://img14.360buyimg.com/n7/jfs/t1/94920/10/1507/147739/5dbe9fd4E6fc03063/381cb4d9089f58d5.jpg", "goods_price": "1049", "goods_name": "华为Mate版手机全网通亮黑色(+)联通5G蓝色高通865IOS64G5200万", "goods_evaluation": "2000"}
{"goods_pic": "https://img13.360buyimg.com/n7/jfs/t1/104024/21/13950/225056/5e5cc9a6E2cb14430/c33da461f5007b9b.jpg", "goods_price": "855", "goods_name": "华为Mate版手机全网通亮黑色(+)联通5G紫色高通865IOS64G4800万", "goods_evaluation": "2000"}
{"goods_pic": "https://img14.360buyimg.com/n7/jfs/t1/94920/10/1507/147739/5dbe9fd4E6fc03063/381cb4d9089f58d5.jpg", "goods_price": "749", "goods_name": "华为Mate版手机全网通亮黑色(+)联通5G红色高通865Android128G3600万", "goods_evaluation": "2000"}
{"goods_pic": "https://img13.360buyimg.com/n7/jfs/t1/104024/21/13950/225056/5e5cc9a6E2cb14430/c33da461f5007b9b.jpg", "goods_price": "1499", "goods_name": "华为Mate版手机全网通亮黑色(+)联通5G红色高通865IOS264G4800万", "goods_evaluation": "2000"}
{"goods_pic": "https://img13.360buyimg.com/n7/jfs/t1/104024/21/13950/225056/5e5cc9a6E2cb14430/c33da461f5007b9b.jpg", "goods_price": "1849", "goods_name": "华为Mate版手机全网通亮黑色(+)联通5G蓝色高通865IOS264G3600万", "goods_evaluation": "2000"}
{"goods_pic": "https://img14.360buyimg.com/n7/jfs/t1/50563/3/14566/278640/5db7ecd0E025fc964/424eabdce744dc40.jpg", "goods_price": "2199", "goods_name": "华为Mate版手机全网通亮黑色(+)联通5G红色高通865IOS512G4800万", "goods_evaluation": "2000"}
{"goods_pic": "https://img14.360buyimg.com/n7/jfs/t1/94920/10/1507/147739/5dbe9fd4E6fc03063/381cb4d9089f58d5.jpg", "goods_price": "999", "goods_name": "华为Mate版手机全网通亮黑色(+)联通5G红色高通865IOS512G3600万", "goods_evaluation": "2000"}
{"goods_pic": "https://img14.360buyimg.com/n7/jfs/t1/50563/3/14566/278640/5db7ecd0E025fc964/424eabdce744dc40.jpg", "goods_price": "3499", "goods_name": "华为Mate版手机全网通亮黑色(+)联通5G红色高通865IOS512G5200万", "goods_evaluation": "2000"}
{"goods_pic": "https://img14.360buyimg.com/n7/jfs/t1/50563/3/14566/278640/5db7ecd0E025fc964/424eabdce744dc40.jpg", "goods_price": "6399", "goods_name": "华为Mate版手机全网通亮黑色(+)联通5G蓝色高通865Android512G4800万", "goods_evaluation": "2000"}
{"goods_pic": "https://img14.360buyimg.com/n7/jfs/t1/50563/3/14566/278640/5db7ecd0E025fc964/424eabdce744dc40.jpg", "goods_price": "1059", "goods_name": "华为Mate版手机全网通亮黑色(+)移动3G红色麒麟820IOS64G3600万", "goods_evaluation": "2000"}
{"goods_pic": "https://img13.360buyimg.com/n7/jfs/t1/46183/7/15394/240626/5dc41505E8695eb48/96717b886222b91b.jpg", "goods_price": "1049", "goods_name": "华为Mate版手机全网通亮黑色(+)移动3G红色麒麟820IOS64G5200万", "goods_evaluation": "2000"}
{"goods_pic": "https://img13.360buyimg.com/n7/jfs/t1/46183/7/15394/240626/5dc41505E8695eb48/96717b886222b91b.jpg", "goods_price": "2058", "goods_name": "华为Mate版手机全网通亮黑色(+)移动3G蓝色麒麟820IOS64G3600万", "goods_evaluation": "2000"}
{"goods_pic": "https://img13.360buyimg.com/n7/jfs/t1/104024/21/13950/225056/5e5cc9a6E2cb14430/c33da461f5007b9b.jpg", "goods_price": "1699", "goods_name": "华为Mate版手机全网通亮黑色(+)移动3G红色麒麟820Android128G5200万", "goods_evaluation": "2000"}
{"goods_pic": "https://img14.360buyimg.com/n7/jfs/t1/94920/10/1507/147739/5dbe9fd4E6fc03063/381cb4d9089f58d5.jpg", "goods_price": "3688", "goods_name": "华为Mate版手机全网通亮黑色(+)移动3G蓝色麒麟820IOS128G4800万", "goods_evaluation": "2000"}
{"goods_pic": "https://img13.360buyimg.com/n7/jfs/t1/46183/7/15394/240626/5dc41505E8695eb48/96717b886222b91b.jpg", "goods_price": "2389", "goods_name": "华为Mate版手机全网通亮黑色(+)移动3G蓝色麒麟820IOS128G5200万", "goods_evaluation": "2000"}
{"goods_pic": "https://img13.360buyimg.com/n7/jfs/t1/46183/7/15394/240626/5dc41505E8695eb48/96717b886222b91b.jpg", "goods_price": "729", "goods_name": "华为Mate版手机全网通亮黑色(+)移动3G红色麒麟820IOS264G3600万", "goods_evaluation": "2000"}
